Sample ID,FDL_L,FMSB_L,FDB_L,FDL_R,FMSB_R,FDB_R,TDL_L,TPB_L,TMSB_L,TDB_L,TDL_R,TPB_R,TMSB_R,TDB_R,FBDL_L,FBDL_R,HDL_L,HPB_L,HMSB_L,HDB_L,HDL_R,HPB_R,HMSB_R,HDB_R,RDL_L,RPB_L,RMSB_L,RDB_L,RDL_R,RPB_R,RMSB_R,RDB_R,UDL_L,UMSB_L,UDL_R,UMSB_R,Wt (kg),Age
1,340.97,18.02,64.87,347.58,18.91,63.23,269.52,55.36,19.92,38.76,276.1,54.78,20.88,37.32,267.1,274.26,NA,NA,NA,NA,NA,NA,NA,NA,NA,NA,NA,NA,NA,NA,NA,NA,NA,NA,NA,NA,46.3,14.9
2,395.01,22.4,73.34,399.8,21.56,73.28,332.12,66.16,22.72,44.86,335.08,67.29,22.44,46.18,312.48,320.51,NA,NA,NA,NA,NA,NA,NA,NA,NA,NA,NA,NA,NA,NA,NA,NA,NA,NA,NA,NA,70.8,15.66
3,NA,NA,NA,NA,NA,NA,NA,NA,NA,NA,351.1,63.66,19.84,46.87,NA,342.94,NA,NA,NA,NA,NA,NA,NA,NA,NA,NA,NA,NA,NA,NA,NA,NA,NA,NA,NA,NA,53,14.76
4,NA,NA,NA,NA,NA,NA,NA,NA,NA,NA,344.23,60.03,21.4,43.01,NA,337.47,NA,NA,NA,NA,NA,NA,NA,NA,NA,NA,NA,NA,NA,NA,NA,NA,NA,NA,NA,NA,59,12.55
5,NA,NA,76.84,NA,NA,78.62,347.02,67.8,21.55,47.07,351.64,68.49,20.8,46.09,338.2,340.93,NA,NA,NA,NA,NA,NA,NA,NA,NA,NA,NA,NA,NA,NA,NA,NA,NA,NA,NA,NA,46.5,12.69
6,402.16,22.1,65.51,406.18,25.11,69.07,332.47,59.18,19.38,44.43,330.48,59.34,18.93,41.3,NA,NA,NA,NA,NA,NA,NA,NA,NA,NA,NA,NA,NA,NA,NA,NA,NA,NA,NA,NA,NA,NA,42,15.2
7,NA,NA,64.52,NA,NA,64.16,300.65,53.16,14.97,37.99,300.42,54.49,15.26,36.83,297.06,293.51,NA,NA,NA,NA,NA,NA,NA,NA,NA,NA,NA,NA,NA,NA,NA,NA,NA,NA,NA,NA,34.8,12.25
8,NA,NA,81.03,NA,NA,81.41,351.34,67.66,21.43,50.11,355.17,72.02,21.41,48.12,345.47,348.64,NA,NA,NA,NA,NA,NA,NA,NA,NA,NA,NA,NA,NA,NA,NA,NA,NA,NA,NA,NA,65,12.92
9,375.11,22.12,69.08,369.9,23.09,68.28,NA,NA,NA,NA,NA,NA,NA,NA,NA,NA,NA,NA,NA,NA,NA,NA,NA,NA,NA,NA,NA,NA,NA,NA,NA,NA,NA,NA,NA,NA,45,10.58
10,NA,NA,71.82,NA,NA,72.19,340.5,63.37,19.08,44.18,350.12,61.62,19.24,45.49,335.84,339.26,NA,NA,NA,NA,NA,NA,NA,NA,NA,NA,NA,NA,NA,NA,NA,NA,NA,NA,NA,NA,NA,13.83
11,422.37,24.22,79.1,417.97,25.35,80.07,352.75,70.29,25.18,48.94,342.92,72.65,23.38,48.24,NA,NA,NA,NA,NA,NA,NA,NA,NA,NA,NA,NA,NA,NA,NA,NA,NA,NA,NA,NA,NA,NA,NA,14.77
12,295.81,17.83,60.23,294.92,18.08,61.44,230.92,50.51,17.76,34.32,229.38,50.11,17.89,35.03,NA,NA,NA,NA,NA,NA,NA,NA,NA,NA,NA,NA,NA,NA,NA,NA,NA,NA,NA,NA,NA,NA,25.05,13.37
13,414.58,24.47,75.19,425.09,25.88,78.38,350.96,64.67,23.32,48.44,362.56,68.82,25.26,48.73,NA,NA,NA,NA,NA,NA,NA,NA,NA,NA,NA,NA,NA,NA,NA,NA,NA,NA,NA,NA,NA,NA,NA,14.27
14,340.49,21.83,62.18,340.48,23.64,62.14,288.97,57.17,20.97,38.27,282.56,50.53,19.93,37.2,NA,NA,NA,NA,NA,NA,NA,NA,NA,NA,NA,NA,NA,NA,NA,NA,NA,NA,NA,NA,NA,NA,31.4,14.45
15,NA,NA,NA,395.68,23.98,73.63,NA,NA,NA,NA,343.46,64.6,22.42,41.8,NA,NA,NA,NA,NA,NA,NA,NA,NA,NA,NA,NA,NA,NA,NA,NA,NA,NA,NA,NA,NA,NA,84.1,15.26
16,NA,NA,NA,398.23,24.23,76.89,NA,NA,NA,NA,343.29,70.8,22.55,40.72,NA,337.14,NA,NA,NA,NA,NA,NA,NA,NA,NA,NA,NA,NA,NA,NA,NA,NA,NA,NA,NA,NA,85.5,15.28
17,NA,NA,69.57,NA,NA,71.4,351.01,62.02,20.6,42.46,344.34,64.52,21.54,42.83,345.21,338.71,NA,NA,NA,NA,NA,NA,NA,NA,NA,NA,NA,NA,NA,NA,NA,NA,NA,NA,NA,NA,NA,14.73
18,NA,NA,NA,NA,NA,NA,NA,NA,NA,NA,NA,NA,NA,NA,NA,NA,264.55,38.09,18.74,46.86,NA,NA,NA,NA,NA,16.43,NA,NA,NA,NA,NA,NA,NA,NA,NA,NA,51,13.57
19,389.42,27.5,84.77,386.28,26.69,83.67,NA,NA,NA,NA,NA,NA,NA,NA,NA,NA,NA,NA,NA,NA,NA,NA,NA,NA,NA,NA,NA,NA,NA,NA,NA,NA,NA,NA,NA,NA,NA,16.68
20,415.9,27.39,78.1,415.37,26.69,78.06,338.78,65.68,22.77,48.87,338.01,67.62,24.27,46.16,329.47,325.34,NA,NA,NA,NA,NA,NA,NA,NA,NA,NA,NA,NA,NA,NA,NA,NA,NA,NA,NA,NA,NA,15.45
21,368.22,24.15,64.55,371.75,25.25,66.66,323.05,53.56,21.86,41.57,325.76,55.1,21.37,41.92,NA,NA,261.65,35.8,21.11,49.76,255.09,36,21.33,47.5,210.22,16.24,15.3,24.65,208.97,17.71,15,24.47,227.51,14.63,226.3,15.62,44,11.21
22,316.62,15.75,53.5,312.7,15.38,52.05,NA,NA,NA,NA,265.94,49.69,12,35.02,NA,NA,NA,NA,NA,NA,NA,NA,NA,NA,NA,NA,NA,NA,NA,NA,NA,NA,NA,NA,NA,NA,38,13.44
23,NA,NA,65.77,NA,NA,68.75,291.55,58.14,17.24,39.41,298.32,57.37,18.88,40.11,NA,NA,NA,NA,NA,NA,NA,NA,NA,NA,NA,NA,NA,NA,NA,NA,NA,NA,NA,NA,NA,NA,46,15.75
24,NA,NA,57.43,NA,NA,59.51,NA,NA,NA,NA,246.81,58.74,16.32,38.02,NA,260.09,NA,NA,NA,NA,NA,NA,NA,NA,NA,NA,NA,NA,NA,NA,NA,NA,NA,NA,NA,NA,31.4,9.42
25,NA,NA,59.78,NA,NA,64.24,NA,NA,NA,NA,260.13,59.93,16.65,40.09,NA,255.13,NA,NA,NA,NA,NA,NA,NA,NA,NA,NA,NA,NA,NA,NA,NA,NA,NA,NA,NA,NA,34.7,10.44
26,NA,NA,NA,NA,NA,NA,NA,NA,NA,NA,NA,NA,NA,NA,NA,NA,300.62,47.42,21.92,55.94,NA,NA,NA,NA,251.13,23.64,15.52,29.08,NA,NA,NA,NA,269.45,16.18,NA,NA,54,14.88
27,NA,NA,NA,NA,NA,NA,NA,NA,NA,NA,NA,NA,NA,NA,NA,NA,NA,NA,NA,NA,NA,NA,NA,NA,138.93,11.99,9.41,20.22,NA,NA,NA,NA,154.39,8.15,NA,NA,15,5.82
28,NA,NA,NA,NA,NA,NA,NA,NA,NA,NA,NA,NA,NA,NA,NA,NA,NA,NA,NA,NA,NA,NA,NA,NA,205.44,20.83,15.38,25.5,NA,NA,NA,NA,NA,NA,NA,NA,68.7,15.5
29,NA,NA,NA,NA,NA,NA,NA,NA,NA,NA,NA,NA,NA,NA,NA,NA,NA,NA,NA,NA,NA,NA,NA,NA,171.26,19.94,12.95,28.12,NA,NA,NA,NA,181.67,14.73,NA,NA,51.1,13.42
30,375.06,21.72,66.32,384.69,21.59,68.64,297.16,59.14,19.3,37.63,315.38,59.44,21.64,36.57,295.26,306.92,NA,NA,NA,NA,NA,NA,NA,NA,NA,NA,NA,NA,NA,NA,NA,NA,NA,NA,NA,NA,35,10.97
31,NA,NA,NA,207.45,12.14,45.86,NA,NA,NA,NA,170.31,35.88,11.87,24.92,NA,NA,NA,NA,NA,NA,NA,NA,NA,NA,NA,NA,NA,NA,NA,NA,NA,NA,NA,NA,NA,NA,12.3,3.69
32,389.23,25.35,77.76,381.25,24.98,75.02,312.82,64.77,22.18,47.03,309.24,76.08,24.26,44.92,NA,NA,NA,NA,NA,NA,NA,NA,NA,NA,NA,NA,NA,NA,NA,NA,NA,NA,NA,NA,NA,NA,66.2,13
33,424.37,23.41,78.08,NA,NA,NA,NA,NA,NA,NA,NA,NA,NA,NA,NA,NA,NA,NA,NA,NA,NA,NA,NA,NA,NA,NA,NA,NA,NA,NA,NA,NA,NA,NA,NA,NA,89,13.55
34,NA,NA,69.39,NA,NA,67.46,335.1,59.01,21.52,43.85,336.07,57.76,22.18,41.35,319.05,321.55,NA,NA,NA,NA,NA,NA,NA,NA,NA,NA,NA,NA,NA,NA,NA,NA,NA,NA,NA,NA,38.7,10.02
35,NA,NA,NA,NA,NA,NA,NA,NA,NA,NA,NA,NA,NA,NA,NA,NA,NA,NA,NA,74.55,NA,NA,NA,NA,323.81,32.37,20.35,40.93,NA,NA,NA,NA,358.81,19.56,NA,NA,23,8.53
36,NA,NA,NA,NA,NA,NA,NA,NA,NA,NA,NA,NA,NA,NA,NA,NA,NA,NA,NA,74.55,NA,NA,NA,NA,323.81,32.37,20.35,40.93,NA,NA,NA,NA,358.81,19.56,NA,NA,23,8.53
37,361.96,18.53,63.06,359.33,18.36,63.21,NA,NA,NA,NA,NA,NA,NA,NA,NA,NA,NA,NA,NA,NA,NA,NA,NA,NA,NA,NA,NA,NA,NA,NA,NA,NA,NA,NA,NA,NA,40.2,9.68
38,NA,NA,71.64,NA,NA,71.08,317.12,61.17,27.47,44.92,316.97,63.17,27.28,45.18,NA,NA,NA,NA,NA,NA,NA,NA,NA,NA,NA,NA,NA,NA,NA,NA,NA,NA,NA,NA,NA,NA,NA,11.72
39,NA,NA,53.11,NA,NA,51.16,188.59,43.72,16.18,31.32,185.92,44.89,15.58,30.34,185,183.78,NA,NA,NA,NA,NA,NA,NA,NA,NA,NA,NA,NA,NA,NA,NA,NA,NA,NA,NA,NA,17.3,4.71
40,390.22,23.86,68.44,391.04,23.72,70.86,NA,NA,NA,NA,NA,NA,NA,NA,NA,NA,NA,NA,NA,NA,262.84,38.82,17.25,47.6,NA,NA,NA,NA,206.03,13.95,13.13,25.2,NA,NA,232.22,13.21,47.6,14.59
41,390.22,23.86,68.44,391.04,23.72,70.86,NA,NA,NA,NA,NA,NA,NA,NA,NA,NA,NA,NA,NA,NA,262.84,38.82,17.25,47.6,NA,NA,NA,NA,206.03,13.95,13.13,25.2,NA,NA,232.22,13.21,47.6,14.59
42,358.72,21.43,68.69,368.02,20.2,70.96,299.13,57.1,19.54,35.85,316.14,60.15,23.26,43.88,NA,NA,NA,NA,NA,NA,NA,NA,NA,NA,NA,NA,NA,NA,NA,NA,NA,NA,NA,NA,NA,NA,NA,11.49
43,426.08,25.02,73.74,422.08,25.41,72.47,NA,NA,NA,NA,NA,NA,NA,NA,NA,NA,NA,NA,NA,NA,NA,NA,NA,NA,NA,NA,NA,NA,NA,NA,NA,NA,NA,NA,NA,NA,76.4,16.19
44,102.25,10.77,30.21,101.49,10.26,30.77,89.89,23.06,9.59,17.27,89.86,23.75,8.85,16.7,84.99,85.24,NA,NA,NA,NA,NA,NA,NA,NA,NA,NA,NA,NA,NA,NA,NA,NA,NA,NA,NA,NA,7.9,0.37
45,355.3,26.46,68.62,352.63,21.09,61.39,291.03,58.13,20.9,35.46,NA,NA,NA,NA,NA,NA,NA,NA,NA,NA,NA,NA,NA,NA,NA,NA,NA,NA,NA,NA,NA,NA,NA,NA,NA,NA,42,13.54
46,439.87,27.86,82.71,435.44,25.12,76.11,382.68,75.39,32.06,53.09,369.29,67.55,22.6,48.28,NA,NA,NA,NA,NA,NA,NA,NA,NA,NA,NA,NA,NA,NA,NA,NA,NA,NA,NA,NA,NA,NA,NA,16.03
47,131.85,10.65,36.56,NA,NA,NA,NA,NA,NA,NA,NA,NA,NA,NA,NA,NA,NA,NA,NA,NA,NA,NA,NA,NA,NA,NA,NA,NA,NA,NA,NA,NA,NA,NA,NA,NA,9.5,1.55
48,NA,NA,NA,NA,NA,NA,NA,NA,NA,NA,NA,NA,NA,NA,NA,NA,NA,NA,NA,NA,136.79,25.22,13.92,33.71,NA,NA,NA,NA,116.75,10.34,9.16,18.54,NA,NA,128.33,8.97,12.5,2.55
49,NA,NA,54.82,NA,NA,54.89,213.18,47.24,14.8,34.68,207.73,43.46,14.71,32.36,206.2,204.46,NA,NA,NA,NA,NA,NA,NA,NA,NA,NA,NA,NA,NA,NA,NA,NA,NA,NA,NA,NA,28,6.17
50,NA,NA,56.2,NA,NA,56.42,232.57,50.34,13.98,29.82,250.84,50.44,17.7,35.28,NA,NA,NA,NA,NA,NA,NA,NA,NA,NA,NA,NA,NA,NA,NA,NA,NA,NA,NA,NA,NA,NA,22,8.9
51,225,14.08,52.31,NA,NA,NA,185.29,44.06,14.72,27.94,196.07,42.88,14.75,26.75,NA,NA,NA,NA,NA,NA,NA,NA,NA,NA,NA,NA,NA,NA,NA,NA,NA,NA,NA,NA,NA,NA,16.1,6.07
52,NA,NA,63.81,NA,NA,64.01,288.01,54.93,24.45,41.66,285.5,56.84,20.15,42.08,NA,NA,NA,NA,NA,NA,NA,NA,NA,NA,NA,NA,NA,NA,NA,NA,NA,NA,NA,NA,NA,NA,40,8.92
53,417.46,22.36,78.65,NA,NA,NA,NA,NA,NA,NA,NA,NA,NA,NA,NA,NA,NA,NA,NA,NA,NA,NA,NA,NA,NA,NA,NA,NA,NA,NA,NA,NA,NA,NA,NA,NA,48.7,15.64
54,NA,NA,NA,NA,NA,NA,NA,NA,NA,NA,NA,NA,NA,NA,NA,NA,NA,NA,NA,NA,NA,NA,NA,NA,171.34,11.4,9.85,20.22,NA,NA,NA,NA,NA,NA,NA,NA,24.7,8.7
55,311.51,17.14,67.04,308.75,16.21,66.98,268.8,56.91,15.55,36.68,261.5,56.47,16.3,38.9,264.63,266.05,NA,NA,NA,NA,NA,NA,NA,NA,NA,NA,NA,NA,NA,NA,NA,NA,NA,NA,NA,NA,35.25,7.73
56,NA,NA,54.34,NA,NA,NA,NA,NA,NA,NA,266.92,54.05,21.39,39.23,NA,NA,NA,NA,NA,NA,NA,NA,NA,NA,NA,NA,NA,NA,NA,NA,NA,NA,NA,NA,NA,NA,34.1,8.82
57,NA,NA,NA,NA,NA,67.79,NA,NA,NA,NA,305.77,62.79,22.63,44.76,NA,NA,NA,NA,NA,NA,NA,NA,NA,NA,NA,NA,NA,NA,NA,NA,NA,NA,NA,NA,NA,NA,40.2,10.77
58,254.16,14.96,56.1,245.62,16.82,55.75,NA,43.61,NA,NA,NA,44.73,NA,NA,NA,NA,NA,NA,NA,NA,NA,NA,NA,NA,NA,NA,NA,NA,NA,NA,NA,NA,NA,NA,NA,NA,23.7,5.01
59,NA,NA,NA,NA,NA,NA,115.72,31.64,10.69,22.17,NA,NA,NA,NA,113.14,NA,NA,NA,NA,NA,NA,NA,NA,NA,NA,NA,NA,NA,NA,NA,NA,NA,NA,NA,NA,NA,9.6,0.96
60,NA,NA,NA,NA,NA,NA,NA,NA,NA,NA,NA,NA,NA,NA,NA,NA,NA,NA,NA,NA,NA,NA,NA,NA,NA,NA,NA,NA,217.74,22.03,14.2,25.91,NA,NA,228.77,14.04,NA,15.26
61,NA,NA,56.62,NA,NA,56.14,237.34,47.62,16.58,33.22,238,48.25,16.69,32.96,233.29,234.78,NA,NA,NA,NA,NA,NA,NA,NA,NA,NA,NA,NA,NA,NA,NA,NA,NA,NA,NA,NA,21.8,7.11
62,NA,NA,NA,NA,NA,NA,NA,NA,NA,NA,NA,NA,NA,NA,NA,NA,NA,NA,NA,NA,NA,NA,NA,NA,NA,NA,NA,NA,125.85,11.81,9.91,17.96,NA,NA,139.22,9.97,18,4.54
63,60.71,7.37,20.39,60.68,8.23,22.01,54.43,15.49,5.64,10.86,54.13,16.71,5.37,11.56,NA,NA,NA,NA,NA,NA,NA,NA,NA,NA,NA,NA,NA,NA,NA,NA,NA,NA,NA,NA,NA,NA,3.4,0.22
64,NA,NA,NA,NA,NA,NA,NA,NA,NA,NA,NA,NA,NA,NA,NA,NA,NA,NA,NA,NA,NA,NA,NA,34.02,NA,NA,NA,NA,135.22,13.58,9.82,18.92,NA,NA,NA,NA,15.9,6.56
65,NA,NA,NA,NA,NA,NA,NA,NA,NA,NA,NA,NA,NA,NA,NA,NA,NA,NA,NA,32.46,NA,NA,NA,NA,117.98,10.9,9.26,17.79,NA,NA,NA,NA,128.07,9.13,NA,NA,15,3.55
66,314.7,17.3,57.61,314.96,18.01,58.38,NA,49.71,NA,NA,NA,50.15,NA,NA,NA,NA,NA,NA,NA,NA,NA,NA,NA,NA,NA,NA,NA,NA,NA,NA,NA,NA,NA,NA,NA,NA,NA,9.73
67,NA,NA,75.11,NA,NA,76.56,NA,NA,NA,NA,376.09,69.64,25.77,47.26,NA,NA,NA,NA,NA,NA,NA,NA,NA,NA,NA,NA,NA,NA,NA,NA,NA,NA,NA,NA,NA,NA,NA,15.72
68,NA,NA,43.78,NA,NA,43.56,192.64,38.2,12.57,26.08,193.07,37.96,12.81,24.24,NA,NA,NA,NA,NA,NA,NA,NA,NA,NA,NA,NA,NA,NA,NA,NA,NA,NA,NA,NA,NA,NA,15.5,5.12
69,NA,NA,NA,NA,NA,NA,NA,NA,NA,NA,NA,NA,NA,NA,NA,NA,NA,NA,NA,NA,NA,NA,NA,NA,NA,NA,NA,NA,NA,NA,NA,NA,NA,NA,192.72,11.26,52,12.04
70,214.33,16.61,53.46,214.44,16.83,55.06,NA,NA,NA,NA,NA,NA,NA,NA,NA,NA,NA,NA,NA,NA,NA,NA,NA,NA,NA,NA,NA,NA,NA,NA,NA,NA,NA,NA,NA,NA,14.5,3.25
71,NA,NA,NA,NA,NA,NA,NA,NA,NA,NA,NA,NA,NA,NA,NA,NA,NA,NA,NA,NA,NA,NA,NA,NA,104.82,10.5,7.17,15.47,NA,NA,NA,NA,116.35,8.13,NA,NA,12,2.63
72,NA,NA,NA,NA,NA,NA,NA,NA,NA,NA,NA,NA,NA,NA,NA,NA,NA,NA,NA,NA,NA,NA,NA,NA,209.71,17.89,14.74,26.59,NA,NA,NA,NA,234.62,15.88,NA,NA,60,14.87
73,NA,NA,NA,NA,NA,NA,NA,NA,NA,NA,NA,NA,NA,NA,NA,NA,NA,NA,NA,NA,NA,NA,NA,NA,NA,NA,NA,NA,214.61,18.52,15.6,27.83,NA,NA,241.64,16.25,60,14.98
74,NA,NA,NA,NA,NA,NA,126.04,31.84,10.77,21.18,125.74,31.28,10.61,20.97,124.22,124.57,NA,NA,NA,NA,NA,NA,NA,NA,NA,NA,NA,NA,NA,NA,NA,NA,NA,NA,NA,NA,10.5,1.73
75,114.6,11.23,32.2,118.05,11.21,33.24,NA,25.3,NA,NA,NA,25.33,NA,NA,NA,NA,NA,NA,NA,NA,NA,NA,NA,NA,NA,NA,NA,NA,NA,NA,NA,NA,NA,NA,NA,NA,6.6,0.68
76,NA,NA,NA,150.04,12.35,40.47,NA,NA,NA,NA,NA,NA,NA,NA,NA,NA,NA,NA,NA,NA,NA,NA,NA,NA,NA,NA,NA,NA,NA,NA,NA,NA,NA,NA,NA,NA,10,1.5
77,NA,NA,NA,190.6,14.83,48.92,NA,NA,NA,NA,NA,NA,NA,NA,NA,NA,NA,NA,NA,NA,NA,NA,NA,NA,NA,NA,NA,NA,NA,NA,NA,NA,NA,NA,NA,NA,13,2.78
78,314.35,15.88,58.69,298.47,16.1,56.64,NA,48.31,NA,NA,NA,47.41,NA,NA,NA,NA,NA,NA,NA,NA,NA,NA,NA,NA,NA,NA,NA,NA,NA,NA,NA,NA,NA,NA,NA,NA,24.5,7.87
79,NA,NA,NA,NA,NA,NA,NA,NA,NA,NA,NA,NA,NA,NA,NA,NA,NA,NA,NA,76.35,NA,NA,NA,NA,334.52,26.46,17.72,40.42,NA,NA,NA,NA,354.32,17.7,NA,NA,22,9.19
80,NA,NA,NA,NA,NA,NA,NA,NA,NA,NA,NA,NA,NA,NA,NA,NA,273.91,39.52,18.07,45.07,NA,NA,NA,NA,211.55,17.4,12.39,24.16,NA,NA,NA,NA,223.87,13.6,NA,NA,39,12.78
81,140.7,13.61,38.46,140.41,12.9,39.33,NA,NA,NA,NA,NA,NA,NA,NA,NA,NA,NA,NA,NA,NA,NA,NA,NA,NA,NA,NA,NA,NA,NA,NA,NA,NA,NA,NA,NA,NA,10,1.14
82,NA,NA,59.01,NA,NA,58.01,244.84,48.24,18.54,33.88,246.18,48.84,16.75,32.03,NA,NA,NA,NA,NA,NA,NA,NA,NA,NA,NA,NA,NA,NA,NA,NA,NA,NA,NA,NA,NA,NA,27,10.59
83,NA,NA,NA,NA,NA,NA,NA,NA,NA,NA,NA,NA,NA,NA,NA,NA,NA,NA,NA,NA,148.26,28.24,14.77,33.98,NA,NA,NA,NA,NA,NA,NA,NA,NA,NA,NA,NA,13.5,2.51
84,NA,NA,NA,NA,NA,NA,NA,NA,NA,NA,NA,NA,NA,NA,NA,NA,NA,NA,NA,NA,NA,NA,NA,NA,164.74,13.64,9.76,18.82,NA,NA,NA,NA,177.26,10.82,NA,NA,29.5,8.39
85,136.35,11.72,37.15,135.53,12.28,37.16,118.18,29.79,11.28,20.88,116.88,29.71,11.72,20.98,NA,NA,NA,NA,NA,NA,NA,NA,NA,NA,NA,NA,NA,NA,NA,NA,NA,NA,NA,NA,NA,NA,7.8,0.97
86,NA,NA,60.58,NA,NA,59.82,270.05,52.68,19.06,36.2,265.12,51.5,17.94,34.48,267.6,261.9,NA,NA,NA,NA,NA,NA,NA,NA,NA,NA,NA,NA,NA,NA,NA,NA,NA,NA,NA,NA,28,8.41
87,NA,NA,NA,NA,NA,NA,NA,NA,NA,NA,NA,NA,NA,NA,NA,NA,NA,NA,NA,NA,NA,NA,NA,76.06,NA,NA,NA,NA,266.61,24.73,21.34,40.36,NA,NA,290.94,21.66,21.4,4.97
88,414.01,20.12,73.76,412.33,20.45,71.35,NA,NA,NA,NA,NA,NA,NA,NA,NA,NA,NA,NA,NA,NA,NA,NA,NA,NA,NA,NA,NA,NA,NA,NA,NA,NA,NA,NA,NA,NA,46,14.1
89,420.68,23.37,74.14,419.83,22.35,73.66,NA,NA,NA,NA,NA,NA,NA,NA,NA,NA,NA,NA,NA,NA,NA,NA,NA,NA,NA,NA,NA,NA,NA,NA,NA,NA,NA,NA,NA,NA,51.8,14.79
90,388.82,21.16,67.69,387.72,21.38,66.92,323.06,55.83,22.65,41.74,321.38,59.05,22.39,41.46,NA,NA,NA,NA,NA,NA,NA,NA,NA,NA,NA,NA,NA,NA,NA,NA,NA,NA,NA,NA,NA,NA,45,13.6
91,NA,NA,NA,NA,NA,NA,NA,NA,NA,NA,NA,NA,NA,NA,NA,NA,NA,NA,NA,NA,NA,NA,NA,NA,NA,NA,NA,NA,173.27,13.75,12.62,25.37,NA,NA,NA,NA,40,11.87
92,NA,NA,NA,NA,NA,NA,NA,NA,NA,NA,NA,NA,NA,NA,NA,NA,NA,NA,NA,NA,NA,NA,NA,81.21,NA,NA,NA,NA,334.12,43.65,25.6,29.64,NA,NA,357.86,21.15,27,8.68
93,406.44,26.66,79.17,404.61,27.31,80.59,NA,NA,NA,NA,NA,NA,NA,NA,NA,NA,NA,NA,NA,NA,NA,NA,NA,NA,NA,NA,NA,NA,NA,NA,NA,NA,NA,NA,NA,NA,46.05,14.34
94,409.16,28.51,80.89,402.21,27.33,83.06,NA,NA,NA,NA,NA,NA,NA,NA,NA,NA,NA,NA,NA,NA,NA,NA,NA,NA,NA,NA,NA,NA,NA,NA,NA,NA,NA,NA,NA,NA,47.1,15.35
95,NA,NA,87.6,NA,NA,NA,290.41,72.67,25.12,52.47,NA,NA,NA,NA,282.52,NA,NA,NA,NA,NA,NA,NA,NA,NA,NA,NA,NA,NA,NA,NA,NA,NA,NA,NA,NA,NA,12.4,1.95
96,NA,NA,NA,NA,NA,NA,354.52,68.7,20.24,47.33,354.57,72.96,19.5,47.4,NA,NA,NA,NA,NA,NA,NA,NA,NA,NA,NA,NA,NA,NA,NA,NA,NA,NA,NA,NA,NA,NA,43,16.37
97,NA,NA,76.52,NA,NA,76.73,354.08,67.18,21.96,44.51,345.19,62.65,20.66,45.26,NA,NA,NA,NA,NA,NA,NA,NA,NA,NA,NA,NA,NA,NA,NA,NA,NA,NA,NA,NA,NA,NA,70.2,14.64
98,NA,NA,NA,NA,NA,NA,NA,NA,NA,NA,328.31,64.96,19.53,48.09,NA,NA,NA,NA,NA,NA,NA,NA,NA,NA,NA,NA,NA,NA,NA,NA,NA,NA,NA,NA,NA,NA,61.9,13.17
99,132.59,10.86,36.17,132.98,11.71,36.59,NA,NA,NA,NA,NA,NA,NA,NA,NA,NA,NA,NA,NA,NA,NA,NA,NA,NA,NA,NA,NA,NA,NA,NA,NA,NA,NA,NA,NA,NA,9,0.95
100,439.38,27.14,77.76,441.87,28,76.92,NA,NA,NA,NA,NA,NA,NA,NA,NA,NA,NA,NA,NA,NA,NA,NA,NA,NA,NA,NA,NA,NA,NA,NA,NA,NA,NA,NA,NA,NA,82,15.93
101,NA,NA,NA,NA,NA,NA,NA,NA,NA,NA,NA,NA,NA,NA,NA,NA,NA,NA,NA,NA,234.09,32.69,18.93,46.79,NA,NA,NA,NA,202.62,13.69,12.87,23.5,NA,NA,233.44,12.35,64.5,16.31
102,NA,NA,60.47,NA,NA,60.23,280.65,53.87,14.11,37.2,281.81,53.66,15.9,37.32,284.31,279.56,NA,NA,NA,NA,NA,NA,NA,NA,NA,NA,NA,NA,NA,NA,NA,NA,NA,NA,NA,NA,29.6,9.93
103,NA,NA,NA,NA,NA,NA,NA,NA,NA,NA,NA,NA,NA,NA,NA,NA,NA,NA,NA,NA,291.51,50.68,28.42,69.42,NA,NA,NA,NA,NA,25.74,NA,NA,NA,NA,NA,NA,17.1,3.53
104,NA,NA,NA,NA,NA,NA,NA,NA,NA,NA,NA,NA,NA,NA,NA,NA,214.36,38.38,21.9,54.91,NA,NA,NA,NA,165.83,19.12,16.57,29.31,NA,NA,NA,NA,189.25,15.33,NA,NA,9.2,1.11
105,NA,NA,NA,NA,NA,NA,NA,NA,NA,NA,NA,NA,NA,NA,NA,NA,269.37,43.31,21.21,57.04,NA,NA,NA,NA,NA,19.22,NA,NA,NA,NA,NA,NA,NA,NA,NA,NA,11.8,2.28
106,172.43,14.06,41.99,172.47,12.85,42.21,141.09,34.01,12.51,23.43,141.91,33.46,11.92,22.9,138.08,138.34,NA,NA,NA,NA,NA,NA,NA,NA,NA,NA,NA,NA,NA,NA,NA,NA,NA,NA,NA,NA,11.8,2.01
107,179.23,13.39,43.32,179.13,13.53,43.22,146.58,35.04,11.4,23.38,147.3,34.77,12.51,23.75,143.64,NA,NA,NA,NA,NA,NA,NA,NA,NA,NA,NA,NA,NA,NA,NA,NA,NA,NA,NA,NA,NA,11.6,2.32
108,184.75,13.35,43.85,183.9,13.98,44.07,150.33,35.35,11.74,24.08,151.36,35.45,11.78,23.42,147.61,147.48,NA,NA,NA,NA,NA,NA,NA,NA,NA,NA,NA,NA,NA,NA,NA,NA,NA,NA,NA,NA,12.5,2.54
109,191,13.45,44.49,189.88,13.05,44.8,155.22,36.73,12.85,25.72,156.33,36.52,12.57,25,NA,153.24,NA,NA,NA,NA,NA,NA,NA,NA,NA,NA,NA,NA,NA,NA,NA,NA,NA,NA,NA,NA,10.5,2.86
110,187.14,14.09,48.04,187.72,14.75,49.31,155.96,40.21,15.86,29.52,155.91,40.74,14.76,28.06,150.93,152.61,NA,NA,NA,NA,NA,NA,NA,NA,NA,NA,NA,NA,NA,NA,NA,NA,NA,NA,NA,NA,15,2.05
111,NA,NA,NA,238.58,15.47,51.77,NA,NA,NA,NA,NA,NA,NA,NA,NA,NA,NA,NA,NA,NA,NA,NA,NA,NA,NA,NA,NA,NA,NA,NA,NA,NA,NA,NA,NA,NA,16.7,4.56
112,NA,NA,NA,241.77,16.4,52.43,NA,NA,NA,NA,NA,NA,NA,NA,NA,NA,NA,NA,NA,NA,NA,NA,NA,NA,NA,NA,NA,NA,NA,NA,NA,NA,NA,NA,NA,NA,16.7,4.68
113,NA,NA,NA,370,21.63,67.72,NA,NA,NA,NA,307.19,56.73,19.1,42.41,NA,NA,NA,NA,NA,NA,NA,NA,NA,NA,NA,NA,NA,NA,NA,NA,NA,NA,NA,NA,NA,NA,50.5,14.08
114,NA,NA,NA,NA,NA,NA,NA,NA,NA,NA,NA,NA,NA,NA,NA,NA,137.19,21.54,13.36,34.45,NA,NA,NA,NA,116.14,10.69,10.34,19.47,NA,NA,NA,NA,126.99,10.14,NA,NA,13,2.22
115,NA,NA,80.22,NA,NA,79.35,359.97,70.1,22.87,46.23,357.05,69.47,25.85,49.3,NA,NA,NA,NA,NA,NA,NA,NA,NA,NA,NA,NA,NA,NA,NA,NA,NA,NA,NA,NA,NA,NA,50,16.07
116,NA,NA,NA,NA,NA,54.69,NA,NA,NA,NA,204.51,50.47,15.81,38.95,NA,214.04,NA,NA,NA,NA,NA,NA,NA,NA,NA,NA,NA,NA,NA,NA,NA,NA,NA,NA,NA,NA,23,6.66
117,NA,NA,62.16,NA,NA,60.19,NA,NA,NA,NA,299.7,51.02,16.32,39.24,NA,NA,NA,NA,NA,NA,NA,NA,NA,NA,NA,NA,NA,NA,NA,NA,NA,NA,NA,NA,NA,NA,29,12.62
118,NA,NA,NA,NA,NA,NA,NA,NA,NA,NA,NA,NA,NA,NA,NA,NA,NA,NA,NA,NA,NA,NA,NA,40.15,NA,NA,NA,NA,145.52,13.53,12.83,20.45,NA,NA,157.55,10.94,30.2,6.7
119,NA,NA,78.49,NA,NA,NA,358.82,72.41,23.74,48.84,NA,NA,NA,NA,NA,NA,NA,NA,NA,NA,NA,NA,NA,NA,NA,NA,NA,NA,NA,NA,NA,NA,NA,NA,NA,NA,55,16.07
